{
  "project_info": {
    "project_number": "884902872149",
    "firebase_url": "https://newsapp-9182b-default-rtdb.asia-southeast1.firebasedatabase.app",
    "project_id": "newsapp-9182b",
    "storage_bucket": "newsapp-9182b.appspot.com"
  },
  "client": [
    {
      "client_info": {
        "mobilesdk_app_id": "1:884902872149:android:df09f0714543f46c7000dc",
        "android_client_info": {
          "package_name": "com.example.newsapp"
        }
      },
      "oauth_client": [
        {
          "client_id": "884902872149-8pc541ne13o3m6v8nh831nk9kt1h000r.apps.googleusercontent.com",
          "client_type": 1,
          "android_info": {
            "package_name": "com.example.newsapp",
            "certificate_hash": "064efdbb96cb7c81dae58293c7e3fe9f51624428"
          }
        },
        {
          "client_id": "884902872149-5hj2vm181emibgfqpt4dqrna1knu5vjh.apps.googleusercontent.com",
          "client_type": 3
        }
      ],
      "api_key": [
        {
          "current_key": "AIzaSyCF7fwEq16CjvLiu50ynQOkXPyEvReL3TM"
        }
      ],
      "services": {
        "appinvite_service": {
          "other_platform_oauth_client": [
            {
              "client_id": "884902872149-5hj2vm181emibgfqpt4dqrna1knu5vjh.apps.googleusercontent.com",
              "client_type": 3
            }
          ]
        }
      }
    }
  ],
  "configuration_version": "1"
}